,text,favorited,favoriteCount,replyToSN,created,truncated,replyToSID,id,replyToUID,statusSource,screenName,retweetCount,isRetweet,retweeted,longitude,latitude
1,@THEjeffbrown @DIRECTV because REASONS,FALSE,0,THEjeffbrown,10/20/2016 18:42,FALSE,7.89175E+17,7.89175E+17,15998219,"<a href=""http://twitter.com/download/android"" rel=""nofollow"">Twitter for Android</a>",ChrisGouldIs,0,FALSE,FALSE,NA,NA
2,"200 patents during Dale's career @ATT. Thanks to him, I just used my phone to set my @DIRECTV DVR for @insecurehbo! 
https://t.co/4pQWCjnAfn",FALSE,1,NA,10/20/2016 16:28,FALSE,NA,7.89141E+17,NA,"<a href=""http://twitter.com"" rel=""nofollow"">Twitter Web Client</a>",Deanna_APR,0,FALSE,FALSE,NA,NA
3,"@DIRECTV @DIRECTVSports @DIRECTVService Where is NBA League Pass? It's usually available in preseason, regular season starts in 5 days!",FALSE,0,DIRECTV,10/20/2016 14:52,FALSE,NA,7.89117E+17,14946736,"<a href=""http://twitter.com"" rel=""nofollow"">Twitter Web Client</a>",RWileyUH,0,FALSE,FALSE,NA,NA
4,RT @tonyromo: I wanna thank @DIRECTV for allowing me to show off my true self.  ;)  embarrassing is an understatement http://t.co/F0NniFESlL,FALSE,0,NA,10/20/2016 2:58,FALSE,NA,7.88937E+17,NA,"<a href=""http://twitter.com/download/android"" rel=""nofollow"">Twitter for Android</a>",RealDiffSports,5265,TRUE,FALSE,NA,NA
5,@dalton_trigg @dallasmavs @DIRECTV STEP. UP. Direct TV.,FALSE,1,dalton_trigg,10/20/2016 1:21,FALSE,7.88913E+17,7.88913E+17,241259927,"<a href=""https://about.twitter.com/products/tweetdeck"" rel=""nofollow"">TweetDeck</a>",NickAngstadt,0,FALSE,FALSE,NA,NA
6,@DIRECTV Please forward to all of your male employees. https://t.co/nAKxTU3x4W,FALSE,0,JessieJessup,10/20/2016 0:30,FALSE,7.88892E+17,7.889E+17,143313538,"<a href=""http://twitter.com"" rel=""nofollow"">Twitter Web Client</a>",JessieJessup,0,FALSE,FALSE,NA,NA
7,@DIRECTV your staff is really in need of updated training on how to behave around women AND how to respond to sexual harassment complaints,FALSE,0,JessieJessup,10/19/2016 23:59,FALSE,7.88892E+17,7.88892E+17,143313538,"<a href=""http://twitter.com"" rel=""nofollow"">Twitter Web Client</a>",JessieJessup,0,FALSE,FALSE,NA,NA
8,@DIRECTV I was sexually harassed by 3 members of your staff. I tried to handle this privately thru  website to no avail. Who can I email?,FALSE,0,DIRECTV,10/19/2016 23:58,FALSE,NA,7.88892E+17,14946736,"<a href=""http://twitter.com"" rel=""nofollow"">Twitter Web Client</a>",JessieJessup,0,FALSE,FALSE,NA,NA
9,RT @tonyromo: I wanna thank @DIRECTV for allowing me to show off my true self.  ;)  embarrassing is an understatement http://t.co/F0NniFESlL,FALSE,0,NA,10/19/2016 20:40,FALSE,NA,7.88842E+17,NA,"<a href=""http://twitter.com/download/android"" rel=""nofollow"">Twitter for Android</a>",azainzavala91,5265,TRUE,FALSE,NA,NA
10,@DIRECTV @DIRECTVService When are you going to offer NBA League Pass?  Season starts in 6 days. Prior years it was available for preseason!,FALSE,0,DIRECTV,10/19/2016 18:59,FALSE,NA,7.88817E+17,14946736,"<a href=""http://twitter.com"" rel=""nofollow"">Twitter Web Client</a>",RWileyUH,0,FALSE,FALSE,NA,NA
11,#teamcando #tugglenation We wear Pink because we support Breast Cancer Awareness! #BreastCancerAwarenessMonth… https://t.co/9DnCmIpi6B,FALSE,4,NA,10/19/2016 18:36,TRUE,NA,7.88811E+17,NA,"<a href=""http://twitter.com"" rel=""nofollow"">Twitter Web Client</a>",Teamcandotx,1,FALSE,FALSE,NA,NA
12,Pay attention @DIRECTV https://t.co/YISrxe6ET2?,FALSE,1,NA,10/18/2016 23:01,FALSE,NA,7.88515E+17,NA,"<a href=""http://twitter.com/download/iphone"" rel=""nofollow"">Twitter for iPhone</a>",MrJAMSr,0,FALSE,FALSE,NA,NA
13,RT @tonyromo: I wanna thank @DIRECTV for allowing me to show off my true self.  ;)  embarrassing is an understatement http://t.co/F0NniFESlL,FALSE,0,NA,10/18/2016 15:39,FALSE,NA,7.88404E+17,NA,"<a href=""http://twitter.com/download/iphone"" rel=""nofollow"">Twitter for iPhone</a>",JacobConners45,5265,TRUE,FALSE,NA,NA
14,@DIRECTV @espn why is the signal so bad? can’t watch the game.,FALSE,0,DIRECTV,10/18/2016 1:51,FALSE,7.8816E+17,7.88196E+17,14946736,"<a href=""http://tapbots.com/tweetbot"" rel=""nofollow"">Tweetbot for i<U+039F>S</a>",djmerritt,0,FALSE,FALSE,NA,NA
15,"@DIRECTV Why is my ""Guide"" trippin? Unable to set my DVR for tomorrow night. All channels read ""Upcoming"" from 7:00 pm onward",FALSE,0,DIRECTV,10/17/2016 22:28,FALSE,NA,7.88145E+17,14946736,"<a href=""http://twitter.com/download/iphone"" rel=""nofollow"">Twitter for iPhone</a>",lclsportsluvver,0,FALSE,FALSE,NA,NA
16,RT @tonyromo: I wanna thank @DIRECTV for allowing me to show off my true self.  ;)  embarrassing is an understatement http://t.co/F0NniFESlL,FALSE,0,NA,10/17/2016 19:36,FALSE,NA,7.88101E+17,NA,"<a href=""http://twitter.com/download/iphone"" rel=""nofollow"">Twitter for iPhone</a>",davonte_peezy,5265,TRUE,FALSE,NA,NA
17,RT @ATT: We're taking #FootballEverywhere all the way to the end zone with @DIRECTV and @SamsungMobileUS! https://t.co/FVzPYfxsuJ,FALSE,0,NA,10/17/2016 17:43,FALSE,NA,7.88073E+17,NA,"<a href=""http://twitter.com/download/iphone"" rel=""nofollow"">Twitter for iPhone</a>",nicki_sanyo,20,TRUE,FALSE,NA,NA
18,@GetSpectrum Bill went up $50 on first @GetSpectrum stment - time to #cutthecable @DIRECTV can you do better?  Tweet me @DIRECTV let's talk!,FALSE,1,GetSpectrum,10/17/2016 15:07,FALSE,NA,7.88034E+17,16550474,"<a href=""http://twitter.com"" rel=""nofollow"">Twitter Web Client</a>",jimsemail1,0,FALSE,FALSE,NA,NA
19,@DIRECTV I think this is best value for $ in the world right now!,FALSE,0,DIRECTV,10/17/2016 8:59,FALSE,7.85574E+17,7.87941E+17,14946736,"<a href=""http://twitter.com/download/android"" rel=""nofollow"">Twitter for Android</a>",zenchic1,0,FALSE,FALSE,NA,NA
20,RT @ATT: We're taking #FootballEverywhere all the way to the end zone with @DIRECTV and @SamsungMobileUS! https://t.co/FVzPYfxsuJ,FALSE,0,NA,10/17/2016 5:40,FALSE,NA,7.87891E+17,NA,"<a href=""http://twitter.com/download/iphone"" rel=""nofollow"">Twitter for iPhone</a>",the_nathanbryan,20,TRUE,FALSE,NA,NA
21,RT @ATT: We're taking #FootballEverywhere all the way to the end zone with @DIRECTV and @SamsungMobileUS! https://t.co/FVzPYfxsuJ,FALSE,0,NA,10/17/2016 5:30,FALSE,NA,7.87889E+17,NA,"<a href=""http://twitter.com/download/iphone"" rel=""nofollow"">Twitter for iPhone</a>",QutellSharzeia,20,TRUE,FALSE,NA,NA
22,RT @ATT: We're taking #FootballEverywhere all the way to the end zone with @DIRECTV and @SamsungMobileUS! https://t.co/FVzPYfxsuJ,FALSE,0,NA,10/17/2016 5:05,FALSE,NA,7.87882E+17,NA,"<a href=""http://twitter.com/download/iphone"" rel=""nofollow"">Twitter for iPhone</a>",davidcacholaa,20,TRUE,FALSE,NA,NA
23,RT @ATT: We're taking #FootballEverywhere all the way to the end zone with @DIRECTV and @SamsungMobileUS! https://t.co/FVzPYfxsuJ,FALSE,0,NA,10/17/2016 2:49,FALSE,NA,7.87848E+17,NA,"<a href=""http://twitter.com/download/android"" rel=""nofollow"">Twitter for Android</a>",canadaCote,20,TRUE,FALSE,NA,NA
24,Swear I use to hate DIRECTV but it's the GOAT now.<ed><U+00A0><U+00BD><ed><U+00B0><U+0090> @DIRECTV,FALSE,0,NA,10/17/2016 2:38,FALSE,NA,7.87845E+17,NA,"<a href=""http://twitter.com/download/iphone"" rel=""nofollow"">Twitter for iPhone</a>",CountUpLoso,0,FALSE,FALSE,NA,NA
25,RT @ATT: We're taking #FootballEverywhere all the way to the end zone with @DIRECTV and @SamsungMobileUS! https://t.co/FVzPYfxsuJ,FALSE,0,NA,10/17/2016 2:37,FALSE,NA,7.87845E+17,NA,"<a href=""http://twitter.com/download/iphone"" rel=""nofollow"">Twitter for iPhone</a>",All_ViewzMag,20,TRUE,FALSE,NA,NA
26,RT @ATT: We're taking #FootballEverywhere all the way to the end zone with @DIRECTV and @SamsungMobileUS! https://t.co/FVzPYfxsuJ,FALSE,0,NA,10/17/2016 2:20,FALSE,NA,7.87841E+17,NA,"<a href=""http://twitter.com/#!/download/ipad"" rel=""nofollow"">Twitter for iPad</a>",Zachery16041381,20,TRUE,FALSE,NA,NA
27,Middle of the @Cubs game and @DIRECTV goes out to perform an update. Great.....,FALSE,0,NA,10/17/2016 2:18,FALSE,NA,7.8784E+17,NA,"<a href=""http://twitter.com/download/iphone"" rel=""nofollow"">Twitter for iPhone</a>",SeanGlovier,0,FALSE,FALSE,NA,NA
28,Hey @DIRECTV why does my screen just freeze all the time.  I've got to switch channel up or down to correct.,FALSE,0,NA,10/17/2016 2:00,FALSE,NA,7.87836E+17,NA,"<a href=""http://twitter.com"" rel=""nofollow"">Twitter Web Client</a>",jj44jj,0,FALSE,FALSE,NA,NA
29,RT @ATT: We're taking #FootballEverywhere all the way to the end zone with @DIRECTV and @SamsungMobileUS! https://t.co/FVzPYfxsuJ,FALSE,0,NA,10/17/2016 1:56,FALSE,NA,7.87835E+17,NA,"<a href=""http://twitter.com/download/iphone"" rel=""nofollow"">Twitter for iPhone</a>",elbuto,20,TRUE,FALSE,NA,NA
30,RT @ATT: We're taking #FootballEverywhere all the way to the end zone with @DIRECTV and @SamsungMobileUS! https://t.co/FVzPYfxsuJ,FALSE,0,NA,10/17/2016 1:55,FALSE,NA,7.87834E+17,NA,"<a href=""http://twitter.com/download/iphone"" rel=""nofollow"">Twitter for iPhone</a>",JuanCLx,20,TRUE,FALSE,NA,NA
31,RT @ATT: We're taking #FootballEverywhere all the way to the end zone with @DIRECTV and @SamsungMobileUS! https://t.co/FVzPYfxsuJ,FALSE,0,NA,10/17/2016 1:36,FALSE,NA,7.8783E+17,NA,"<a href=""http://twitter.com/download/android"" rel=""nofollow"">Twitter for Android</a>",RR44750307,20,TRUE,FALSE,NA,NA
32,RT @ATT: We're taking #FootballEverywhere all the way to the end zone with @DIRECTV and @SamsungMobileUS! https://t.co/FVzPYfxsuJ,FALSE,0,NA,10/17/2016 1:36,FALSE,NA,7.8783E+17,NA,"<a href=""http://twitter.com/download/iphone"" rel=""nofollow"">Twitter for iPhone</a>",MegaRams12,20,TRUE,FALSE,NA,NA
33,RT @ATT: We're taking #FootballEverywhere all the way to the end zone with @DIRECTV and @SamsungMobileUS! https://t.co/FVzPYfxsuJ,FALSE,0,NA,10/17/2016 1:05,FALSE,NA,7.87822E+17,NA,"<a href=""http://twitter.com/download/iphone"" rel=""nofollow"">Twitter for iPhone</a>",katerickey,20,TRUE,FALSE,NA,NA
34,@dallascowboys @DIRECTV Way to go Boys!,FALSE,0,dallascowboys,10/17/2016 0:56,FALSE,7.8767E+17,7.87819E+17,8824902,"<a href=""http://twitter.com"" rel=""nofollow"">Twitter Web Client</a>",famtoyota,0,FALSE,FALSE,NA,NA
35,RT @ATT: We're taking #FootballEverywhere all the way to the end zone with @DIRECTV and @SamsungMobileUS! https://t.co/FVzPYfxsuJ,FALSE,0,NA,10/17/2016 0:37,FALSE,NA,7.87815E+17,NA,"<a href=""http://twitter.com/download/iphone"" rel=""nofollow"">Twitter for iPhone</a>",noah_corbitt,20,TRUE,FALSE,NA,NA
36,RT @tonyromo: I wanna thank @DIRECTV for allowing me to show off my true self.  ;)  embarrassing is an understatement http://t.co/F0NniFESlL,FALSE,0,NA,10/17/2016 0:28,FALSE,NA,7.87813E+17,NA,"<a href=""http://twitter.com/download/android"" rel=""nofollow"">Twitter for Android</a>",Wizards_4life,5265,TRUE,FALSE,NA,NA
37,RT @ATT: We're taking #FootballEverywhere all the way to the end zone with @DIRECTV and @SamsungMobileUS! https://t.co/FVzPYfxsuJ,FALSE,0,NA,10/17/2016 0:22,FALSE,NA,7.87811E+17,NA,"<a href=""http://twitter.com/download/iphone"" rel=""nofollow"">Twitter for iPhone</a>",IRSBYGOD2,20,TRUE,FALSE,NA,NA
38,RT @ATT: We're taking #FootballEverywhere all the way to the end zone with @DIRECTV and @SamsungMobileUS! https://t.co/FVzPYfxsuJ,FALSE,0,NA,10/17/2016 0:21,FALSE,NA,7.87811E+17,NA,"<a href=""http://twitter.com/download/iphone"" rel=""nofollow"">Twitter for iPhone</a>",RgSebi,20,TRUE,FALSE,NA,NA
39,RT @ATT: We're taking #FootballEverywhere all the way to the end zone with @DIRECTV and @SamsungMobileUS! https://t.co/FVzPYfxsuJ,FALSE,0,NA,10/16/2016 23:56,FALSE,NA,7.87804E+17,NA,"<a href=""http://twitter.com/download/iphone"" rel=""nofollow"">Twitter for iPhone</a>",leighaa35,20,TRUE,FALSE,NA,NA
40,RT @ATT: We're taking #FootballEverywhere all the way to the end zone with @DIRECTV and @SamsungMobileUS! https://t.co/FVzPYfxsuJ,FALSE,0,NA,10/16/2016 23:38,FALSE,NA,7.878E+17,NA,"<a href=""http://twitter.com/download/iphone"" rel=""nofollow"">Twitter for iPhone</a>",InsanityCause,20,TRUE,FALSE,NA,NA
41,@DIRECTV @DIRECTVService I'm just trying to catch the Cowboys game.. WHY IS THIS HAPPENING? https://t.co/943QJfifjs,FALSE,0,DIRECTV,10/16/2016 20:56,FALSE,NA,7.87759E+17,14946736,"<a href=""http://twitter.com/download/iphone"" rel=""nofollow"">Twitter for iPhone</a>",Fonzy41,0,FALSE,FALSE,NA,NA
42,"RT @dallascowboys: Watch #DALvsGB LIVE using @DIRECTV's Sunday Ticket! 

Sign up here: https://t.co/6cXPFIcqFd https://t.co/sE6PSc3gBl",FALSE,0,NA,10/16/2016 20:51,FALSE,NA,7.87758E+17,NA,"<a href=""http://twitter.com/#!/download/ipad"" rel=""nofollow"">Twitter for iPad</a>",GatoradeMVP,117,TRUE,FALSE,NA,NA
43,"RT @dallascowboys: Watch #DALvsGB LIVE using @DIRECTV's Sunday Ticket! 

Sign up here: https://t.co/6cXPFIcqFd https://t.co/sE6PSc3gBl",FALSE,0,NA,10/16/2016 20:34,FALSE,NA,7.87754E+17,NA,"<a href=""http://twitter.com/download/iphone"" rel=""nofollow"">Twitter for iPhone</a>",saldana_thomas,117,TRUE,FALSE,NA,NA
44,"RT @dallascowboys: Watch #DALvsGB LIVE using @DIRECTV's Sunday Ticket! 

Sign up here: https://t.co/6cXPFIcqFd https://t.co/sE6PSc3gBl",FALSE,0,NA,10/16/2016 20:23,FALSE,NA,7.87751E+17,NA,"<a href=""http://twitter.com/download/iphone"" rel=""nofollow"">Twitter for iPhone</a>",cultivater416,117,TRUE,FALSE,NA,NA
45,"RT @dallascowboys: Watch #DALvsGB LIVE using @DIRECTV's Sunday Ticket! 

Sign up here: https://t.co/6cXPFIcqFd https://t.co/sE6PSc3gBl",FALSE,0,NA,10/16/2016 19:43,FALSE,NA,7.87741E+17,NA,"<a href=""http://twitter.com/download/iphone"" rel=""nofollow"">Twitter for iPhone</a>",FernandaFernadz,117,TRUE,FALSE,NA,NA
46,@ATT @DIRECTV the quality of this Dolphins Steelers game on sunday ticket looks like a bad internet stream,FALSE,0,ATT,10/16/2016 19:38,FALSE,NA,7.8774E+17,14620190,"<a href=""http://twitter.com"" rel=""nofollow"">Twitter Web Client</a>",MainiacPhinFan,0,FALSE,FALSE,NA,NA
47,"RT @dallascowboys: Watch #DALvsGB LIVE using @DIRECTV's Sunday Ticket! 

Sign up here: https://t.co/6cXPFIcqFd https://t.co/sE6PSc3gBl",FALSE,0,NA,10/16/2016 19:08,FALSE,NA,7.87732E+17,NA,"<a href=""http://twitter.com/download/android"" rel=""nofollow"">Twitter for Android</a>",barbarabeadle74,117,TRUE,FALSE,NA,NA
48,"RT @dallascowboys: Watch #DALvsGB LIVE using @DIRECTV's Sunday Ticket! 

Sign up here: https://t.co/6cXPFIcqFd https://t.co/sE6PSc3gBl",FALSE,0,NA,10/16/2016 18:37,FALSE,NA,7.87724E+17,NA,"<a href=""http://twitter.com/download/android"" rel=""nofollow"">Twitter for Android</a>",_Zachary_Daniel,117,TRUE,FALSE,NA,NA
49,"RT @dallascowboys: Watch #DALvsGB LIVE using @DIRECTV's Sunday Ticket! 

Sign up here: https://t.co/6cXPFIcqFd https://t.co/sE6PSc3gBl",FALSE,0,NA,10/16/2016 18:20,FALSE,NA,7.8772E+17,NA,"<a href=""http://twitter.com/download/android"" rel=""nofollow"">Twitter for Android</a>",JayrockJenkins,117,TRUE,FALSE,NA,NA
50,"RT @dallascowboys: Watch #DALvsGB LIVE using @DIRECTV's Sunday Ticket! 

Sign up here: https://t.co/6cXPFIcqFd https://t.co/sE6PSc3gBl",FALSE,0,NA,10/16/2016 17:50,FALSE,NA,7.87712E+17,NA,"<a href=""http://twitter.com/download/android"" rel=""nofollow"">Twitter for Android</a>",GaiaxyLoryn,117,TRUE,FALSE,NA,NA
51,"RT @dallascowboys: Watch #DALvsGB LIVE using @DIRECTV's Sunday Ticket! 

Sign up here: https://t.co/6cXPFIcqFd https://t.co/sE6PSc3gBl",FALSE,0,NA,10/16/2016 17:45,FALSE,NA,7.87711E+17,NA,"<a href=""http://twitter.com/download/android"" rel=""nofollow"">Twitter for Android</a>",TSPtheMBA563,117,TRUE,FALSE,NA,NA
52,"RT @dallascowboys: Watch #DALvsGB LIVE using @DIRECTV's Sunday Ticket! 

Sign up here: https://t.co/6cXPFIcqFd https://t.co/sE6PSc3gBl",FALSE,0,NA,10/16/2016 17:44,FALSE,NA,7.87711E+17,NA,"<a href=""http://twitter.com/download/android"" rel=""nofollow"">Twitter for Android</a>",jc98ramirez,117,TRUE,FALSE,NA,NA
53,"RT @dallascowboys: Watch #DALvsGB LIVE using @DIRECTV's Sunday Ticket! 

Sign up here: https://t.co/6cXPFIcqFd https://t.co/sE6PSc3gBl",FALSE,0,NA,10/16/2016 17:37,FALSE,NA,7.87709E+17,NA,"<a href=""http://twitter.com/#!/download/ipad"" rel=""nofollow"">Twitter for iPad</a>",OneSpunky1,117,TRUE,FALSE,NA,NA
54,"RT @dallascowboys: Watch #DALvsGB LIVE using @DIRECTV's Sunday Ticket! 

Sign up here: https://t.co/6cXPFIcqFd https://t.co/sE6PSc3gBl",FALSE,0,NA,10/16/2016 17:14,FALSE,NA,7.87703E+17,NA,"<a href=""http://twitter.com/download/android"" rel=""nofollow"">Twitter for Android</a>",VanessaC83,117,TRUE,FALSE,NA,NA
55,"RT @dallascowboys: Watch #DALvsGB LIVE using @DIRECTV's Sunday Ticket! 

Sign up here: https://t.co/6cXPFIcqFd https://t.co/sE6PSc3gBl",FALSE,0,NA,10/16/2016 17:10,FALSE,NA,7.87702E+17,NA,"<a href=""http://twitter.com/download/android"" rel=""nofollow"">Twitter for Android</a>",stefybeautiful,117,TRUE,FALSE,NA,NA
56,"RT @dallascowboys: Watch #DALvsGB LIVE using @DIRECTV's Sunday Ticket! 

Sign up here: https://t.co/6cXPFIcqFd https://t.co/sE6PSc3gBl",FALSE,0,NA,10/16/2016 17:03,FALSE,NA,7.87701E+17,NA,"<a href=""http://twitter.com/download/iphone"" rel=""nofollow"">Twitter for iPhone</a>",DatKid_Troy,117,TRUE,FALSE,NA,NA
57,"RT @dallascowboys: Watch #DALvsGB LIVE using @DIRECTV's Sunday Ticket! 

Sign up here: https://t.co/6cXPFIcqFd https://t.co/sE6PSc3gBl",FALSE,0,NA,10/16/2016 17:02,FALSE,NA,7.877E+17,NA,"<a href=""http://twitter.com/download/iphone"" rel=""nofollow"">Twitter for iPhone</a>",thykidrauhl,117,TRUE,FALSE,NA,NA
58,"Hey @ATT and @DIRECTV: I've tried for four months to bundle billing. You said it was done. It's not. Dozen calls later, no help. What's up?",FALSE,3,NA,10/16/2016 16:59,FALSE,NA,7.87699E+17,NA,"<a href=""http://twitter.com/download/iphone"" rel=""nofollow"">Twitter for iPhone</a>",davetarrantnews,0,FALSE,FALSE,NA,NA
59,"RT @dallascowboys: Watch #DALvsGB LIVE using @DIRECTV's Sunday Ticket! 

Sign up here: https://t.co/6cXPFIcqFd https://t.co/sE6PSc3gBl",FALSE,0,NA,10/16/2016 16:54,FALSE,NA,7.87698E+17,NA,"<a href=""http://twitter.com/download/iphone"" rel=""nofollow"">Twitter for iPhone</a>",CASMF,117,TRUE,FALSE,NA,NA
60,"RT @dallascowboys: Watch #DALvsGB LIVE using @DIRECTV's Sunday Ticket! 

Sign up here: https://t.co/6cXPFIcqFd https://t.co/sE6PSc3gBl",FALSE,0,NA,10/16/2016 16:47,FALSE,NA,7.87697E+17,NA,"<a href=""http://twitter.com/download/iphone"" rel=""nofollow"">Twitter for iPhone</a>",RaulDuranDomin1,117,TRUE,FALSE,NA,NA
61,"RT @dallascowboys: Watch #DALvsGB LIVE using @DIRECTV's Sunday Ticket! 

Sign up here: https://t.co/6cXPFIcqFd https://t.co/sE6PSc3gBl",FALSE,0,NA,10/16/2016 16:46,FALSE,NA,7.87696E+17,NA,"<a href=""http://twitter.com/download/iphone"" rel=""nofollow"">Twitter for iPhone</a>",louiss_101,117,TRUE,FALSE,NA,NA
62,"RT @dallascowboys: Watch #DALvsGB LIVE using @DIRECTV's Sunday Ticket! 

Sign up here: https://t.co/6cXPFIcqFd https://t.co/sE6PSc3gBl",FALSE,0,NA,10/16/2016 16:35,FALSE,NA,7.87693E+17,NA,"<a href=""http://twitter.com/download/iphone"" rel=""nofollow"">Twitter for iPhone</a>",tresjhawn,117,TRUE,FALSE,NA,NA
63,"RT @dallascowboys: Watch #DALvsGB LIVE using @DIRECTV's Sunday Ticket! 

Sign up here: https://t.co/6cXPFIcqFd https://t.co/sE6PSc3gBl",FALSE,0,NA,10/16/2016 16:33,FALSE,NA,7.87693E+17,NA,"<a href=""http://twitter.com/download/iphone"" rel=""nofollow"">Twitter for iPhone</a>",kierynurey,117,TRUE,FALSE,NA,NA
64,"RT @dallascowboys: Watch #DALvsGB LIVE using @DIRECTV's Sunday Ticket! 

Sign up here: https://t.co/6cXPFIcqFd https://t.co/sE6PSc3gBl",FALSE,0,NA,10/16/2016 16:23,FALSE,NA,7.8769E+17,NA,"<a href=""http://twitter.com/download/iphone"" rel=""nofollow"">Twitter for iPhone</a>",aagree7,117,TRUE,FALSE,NA,NA
65,"RT @dallascowboys: Watch #DALvsGB LIVE using @DIRECTV's Sunday Ticket! 

Sign up here: https://t.co/6cXPFIcqFd https://t.co/sE6PSc3gBl",FALSE,0,NA,10/16/2016 16:12,FALSE,NA,7.87688E+17,NA,"<a href=""http://twitter.com/download/iphone"" rel=""nofollow"">Twitter for iPhone</a>",_Deedollas,117,TRUE,FALSE,NA,NA
66,"RT @dallascowboys: Watch #DALvsGB LIVE using @DIRECTV's Sunday Ticket! 

Sign up here: https://t.co/6cXPFIcqFd https://t.co/sE6PSc3gBl",FALSE,0,NA,10/16/2016 16:11,FALSE,NA,7.87687E+17,NA,"<a href=""http://twitter.com"" rel=""nofollow"">Twitter Web Client</a>",CURTIS_COLONS,117,TRUE,FALSE,NA,NA
67,"RT @dallascowboys: Watch #DALvsGB LIVE using @DIRECTV's Sunday Ticket! 

Sign up here: https://t.co/6cXPFIcqFd https://t.co/sE6PSc3gBl",FALSE,0,NA,10/16/2016 16:09,FALSE,NA,7.87687E+17,NA,"<a href=""http://twitter.com/download/android"" rel=""nofollow"">Twitter for Android</a>",IvanRos99231204,117,TRUE,FALSE,NA,NA
68,"RT @dallascowboys: Watch #DALvsGB LIVE using @DIRECTV's Sunday Ticket! 

Sign up here: https://t.co/6cXPFIcqFd https://t.co/sE6PSc3gBl",FALSE,0,NA,10/16/2016 16:08,FALSE,NA,7.87687E+17,NA,"<a href=""http://twitter.com/download/android"" rel=""nofollow"">Twitter for Android</a>",MD_noahS,117,TRUE,FALSE,NA,NA
69,"RT @dallascowboys: Watch #DALvsGB LIVE using @DIRECTV's Sunday Ticket! 

Sign up here: https://t.co/6cXPFIcqFd https://t.co/sE6PSc3gBl",FALSE,0,NA,10/16/2016 16:08,FALSE,NA,7.87687E+17,NA,"<a href=""http://twitter.com/download/android"" rel=""nofollow"">Twitter for Android</a>",VeronicaSusanne,117,TRUE,FALSE,NA,NA
70,"RT @dallascowboys: Watch #DALvsGB LIVE using @DIRECTV's Sunday Ticket! 

Sign up here: https://t.co/6cXPFIcqFd https://t.co/sE6PSc3gBl",FALSE,0,NA,10/16/2016 16:06,FALSE,NA,7.87686E+17,NA,"<a href=""http://twitter.com/download/iphone"" rel=""nofollow"">Twitter for iPhone</a>",vincesaiz2473,117,TRUE,FALSE,NA,NA
71,"RT @dallascowboys: Watch #DALvsGB LIVE using @DIRECTV's Sunday Ticket! 

Sign up here: https://t.co/6cXPFIcqFd https://t.co/sE6PSc3gBl",FALSE,0,NA,10/16/2016 16:01,FALSE,NA,7.87685E+17,NA,"<a href=""http://twitter.com/download/iphone"" rel=""nofollow"">Twitter for iPhone</a>",dontelmartinez1,117,TRUE,FALSE,NA,NA
72,"RT @dallascowboys: Watch #DALvsGB LIVE using @DIRECTV's Sunday Ticket! 

Sign up here: https://t.co/6cXPFIcqFd https://t.co/sE6PSc3gBl",FALSE,0,NA,10/16/2016 15:58,FALSE,NA,7.87684E+17,NA,"<a href=""http://twitter.com/download/android"" rel=""nofollow"">Twitter for Android</a>",sanjayrsinghal,117,TRUE,FALSE,NA,NA
73,"RT @dallascowboys: Watch #DALvsGB LIVE using @DIRECTV's Sunday Ticket! 

Sign up here: https://t.co/6cXPFIcqFd https://t.co/sE6PSc3gBl",FALSE,0,NA,10/16/2016 15:55,FALSE,NA,7.87684E+17,NA,"<a href=""http://twitter.com/download/iphone"" rel=""nofollow"">Twitter for iPhone</a>",T_Brewer9,117,TRUE,FALSE,NA,NA
74,"RT @dallascowboys: Watch #DALvsGB LIVE using @DIRECTV's Sunday Ticket! 

Sign up here: https://t.co/6cXPFIcqFd https://t.co/sE6PSc3gBl",FALSE,0,NA,10/16/2016 15:54,FALSE,NA,7.87683E+17,NA,"<a href=""http://twitter.com/download/iphone"" rel=""nofollow"">Twitter for iPhone</a>",kesha360,117,TRUE,FALSE,NA,NA
75,"RT @dallascowboys: Watch #DALvsGB LIVE using @DIRECTV's Sunday Ticket! 

Sign up here: https://t.co/6cXPFIcqFd https://t.co/sE6PSc3gBl",FALSE,0,NA,10/16/2016 15:54,FALSE,NA,7.87683E+17,NA,"<a href=""http://twitter.com/download/android"" rel=""nofollow"">Twitter for Android</a>",TrevorCagle1,117,TRUE,FALSE,NA,NA
76,"RT @dallascowboys: Watch #DALvsGB LIVE using @DIRECTV's Sunday Ticket! 

Sign up here: https://t.co/6cXPFIcqFd https://t.co/sE6PSc3gBl",FALSE,0,NA,10/16/2016 15:54,FALSE,NA,7.87683E+17,NA,"<a href=""http://twitter.com"" rel=""nofollow"">Twitter Web Client</a>",Rynebair88,117,TRUE,FALSE,NA,NA
77,"RT @dallascowboys: Watch #DALvsGB LIVE using @DIRECTV's Sunday Ticket! 

Sign up here: https://t.co/6cXPFIcqFd https://t.co/sE6PSc3gBl",FALSE,0,NA,10/16/2016 15:52,FALSE,NA,7.87683E+17,NA,"<a href=""http://twitter.com/download/iphone"" rel=""nofollow"">Twitter for iPhone</a>",alexandraheyn12,117,TRUE,FALSE,NA,NA
78,"RT @dallascowboys: Watch #DALvsGB LIVE using @DIRECTV's Sunday Ticket! 

Sign up here: https://t.co/6cXPFIcqFd https://t.co/sE6PSc3gBl",FALSE,0,NA,10/16/2016 15:51,FALSE,NA,7.87682E+17,NA,"<a href=""http://twitter.com/download/iphone"" rel=""nofollow"">Twitter for iPhone</a>",juanguerrero08,117,TRUE,FALSE,NA,NA
79,"RT @dallascowboys: Watch #DALvsGB LIVE using @DIRECTV's Sunday Ticket! 

Sign up here: https://t.co/6cXPFIcqFd https://t.co/sE6PSc3gBl",FALSE,0,NA,10/16/2016 15:50,FALSE,NA,7.87682E+17,NA,"<a href=""http://twitter.com/download/android"" rel=""nofollow"">Twitter for Android</a>",Cowboy_43,117,TRUE,FALSE,NA,NA
80,"RT @dallascowboys: Watch #DALvsGB LIVE using @DIRECTV's Sunday Ticket! 

Sign up here: https://t.co/6cXPFIcqFd https://t.co/sE6PSc3gBl",FALSE,0,NA,10/16/2016 15:50,FALSE,NA,7.87682E+17,NA,"<a href=""http://twitter.com/download/iphone"" rel=""nofollow"">Twitter for iPhone</a>",joeyobey5,117,TRUE,FALSE,NA,NA
81,"RT @dallascowboys: Watch #DALvsGB LIVE using @DIRECTV's Sunday Ticket! 

Sign up here: https://t.co/6cXPFIcqFd https://t.co/sE6PSc3gBl",FALSE,0,NA,10/16/2016 15:46,FALSE,NA,7.87681E+17,NA,"<a href=""http://twitter.com/download/android"" rel=""nofollow"">Twitter for Android</a>",YoungTripleD,117,TRUE,FALSE,NA,NA
82,"RT @dallascowboys: Watch #DALvsGB LIVE using @DIRECTV's Sunday Ticket! 

Sign up here: https://t.co/6cXPFIcqFd https://t.co/sE6PSc3gBl",FALSE,0,NA,10/16/2016 15:43,FALSE,NA,7.8768E+17,NA,"<a href=""http://twitter.com/download/iphone"" rel=""nofollow"">Twitter for iPhone</a>",isaacbats6,117,TRUE,FALSE,NA,NA
83,"RT @dallascowboys: Watch #DALvsGB LIVE using @DIRECTV's Sunday Ticket! 

Sign up here: https://t.co/6cXPFIcqFd https://t.co/sE6PSc3gBl",FALSE,0,NA,10/16/2016 15:42,FALSE,NA,7.8768E+17,NA,"<a href=""http://twitter.com/download/android"" rel=""nofollow"">Twitter for Android</a>",tylerpowell56,117,TRUE,FALSE,NA,NA
84,"RT @dallascowboys: Watch #DALvsGB LIVE using @DIRECTV's Sunday Ticket! 

Sign up here: https://t.co/6cXPFIcqFd https://t.co/sE6PSc3gBl",FALSE,0,NA,10/16/2016 15:42,FALSE,NA,7.8768E+17,NA,"<a href=""http://tapbots.com/tweetbot"" rel=""nofollow"">Tweetbot for i<U+039F>S</a>",asjflqblgjrqjg,117,TRUE,FALSE,NA,NA
85,"RT @dallascowboys: Watch #DALvsGB LIVE using @DIRECTV's Sunday Ticket! 

Sign up here: https://t.co/6cXPFIcqFd https://t.co/sE6PSc3gBl",FALSE,0,NA,10/16/2016 15:42,FALSE,NA,7.8768E+17,NA,"<a href=""http://twitter.com/download/iphone"" rel=""nofollow"">Twitter for iPhone</a>",colenerad_,117,TRUE,FALSE,NA,NA
86,"RT @dallascowboys: Watch #DALvsGB LIVE using @DIRECTV's Sunday Ticket! 

Sign up here: https://t.co/6cXPFIcqFd https://t.co/sE6PSc3gBl",FALSE,0,NA,10/16/2016 15:41,FALSE,NA,7.8768E+17,NA,"<a href=""http://twitter.com/download/iphone"" rel=""nofollow"">Twitter for iPhone</a>",miaya_lacedup,117,TRUE,FALSE,NA,NA
87,"RT @dallascowboys: Watch #DALvsGB LIVE using @DIRECTV's Sunday Ticket! 

Sign up here: https://t.co/6cXPFIcqFd https://t.co/sE6PSc3gBl",FALSE,0,NA,10/16/2016 15:39,FALSE,NA,7.87679E+17,NA,"<a href=""http://twitter.com/download/iphone"" rel=""nofollow"">Twitter for iPhone</a>",CommonHector,117,TRUE,FALSE,NA,NA
88,"RT @dallascowboys: Watch #DALvsGB LIVE using @DIRECTV's Sunday Ticket! 

Sign up here: https://t.co/6cXPFIcqFd https://t.co/sE6PSc3gBl",FALSE,0,NA,10/16/2016 15:36,FALSE,NA,7.87679E+17,NA,"<a href=""http://twitter.com/download/iphone"" rel=""nofollow"">Twitter for iPhone</a>",Rogerthat_dude,117,TRUE,FALSE,NA,NA
89,"RT @dallascowboys: Watch #DALvsGB LIVE using @DIRECTV's Sunday Ticket! 

Sign up here: https://t.co/6cXPFIcqFd https://t.co/sE6PSc3gBl",FALSE,0,NA,10/16/2016 15:33,FALSE,NA,7.87678E+17,NA,"<a href=""http://twitter.com/download/iphone"" rel=""nofollow"">Twitter for iPhone</a>",Mike_martian23,117,TRUE,FALSE,NA,NA
90,"RT @dallascowboys: Watch #DALvsGB LIVE using @DIRECTV's Sunday Ticket! 

Sign up here: https://t.co/6cXPFIcqFd https://t.co/sE6PSc3gBl",FALSE,0,NA,10/16/2016 15:33,FALSE,NA,7.87678E+17,NA,"<a href=""http://twitter.com/download/iphone"" rel=""nofollow"">Twitter for iPhone</a>",alec_isaiah,117,TRUE,FALSE,NA,NA
91,"RT @dallascowboys: Watch #DALvsGB LIVE using @DIRECTV's Sunday Ticket! 

Sign up here: https://t.co/6cXPFIcqFd https://t.co/sE6PSc3gBl",FALSE,0,NA,10/16/2016 15:32,FALSE,NA,7.87678E+17,NA,"<a href=""http://twitter.com/download/android"" rel=""nofollow"">Twitter for Android</a>",blustartechs,117,TRUE,FALSE,NA,NA
92,"RT @dallascowboys: Watch #DALvsGB LIVE using @DIRECTV's Sunday Ticket! 

Sign up here: https://t.co/6cXPFIcqFd https://t.co/sE6PSc3gBl",FALSE,0,NA,10/16/2016 15:32,FALSE,NA,7.87678E+17,NA,"<a href=""http://twitter.com/download/iphone"" rel=""nofollow"">Twitter for iPhone</a>",kxylaa,117,TRUE,FALSE,NA,NA
93,"RT @dallascowboys: Watch #DALvsGB LIVE using @DIRECTV's Sunday Ticket! 

Sign up here: https://t.co/6cXPFIcqFd https://t.co/sE6PSc3gBl",FALSE,0,NA,10/16/2016 15:31,FALSE,NA,7.87677E+17,NA,"<a href=""http://twitter.com/download/iphone"" rel=""nofollow"">Twitter for iPhone</a>",Alec_Brewington,117,TRUE,FALSE,NA,NA
94,"RT @dallascowboys: Watch #DALvsGB LIVE using @DIRECTV's Sunday Ticket! 

Sign up here: https://t.co/6cXPFIcqFd https://t.co/sE6PSc3gBl",FALSE,0,NA,10/16/2016 15:30,FALSE,NA,7.87677E+17,NA,"<a href=""http://twitter.com/download/android"" rel=""nofollow"">Twitter for Android</a>",lcompton70,117,TRUE,FALSE,NA,NA
95,"RT @dallascowboys: Watch #DALvsGB LIVE using @DIRECTV's Sunday Ticket! 

Sign up here: https://t.co/6cXPFIcqFd https://t.co/sE6PSc3gBl",FALSE,0,NA,10/16/2016 15:30,FALSE,NA,7.87677E+17,NA,"<a href=""http://twitter.com/download/iphone"" rel=""nofollow"">Twitter for iPhone</a>",tonywallace64,117,TRUE,FALSE,NA,NA
96,RT @King_ConquerorJ: I need @DIRECTV to fix my service before this Cowboys game starts I know that got damn much.,FALSE,0,NA,10/16/2016 15:29,FALSE,NA,7.87677E+17,NA,"<a href=""http://twitter.com/download/android"" rel=""nofollow"">Twitter for Android</a>",ADRIAN_KAL_EL,1,TRUE,FALSE,NA,NA
97,"RT @dallascowboys: Watch #DALvsGB LIVE using @DIRECTV's Sunday Ticket! 

Sign up here: https://t.co/6cXPFIcqFd https://t.co/sE6PSc3gBl",FALSE,0,NA,10/16/2016 15:28,FALSE,NA,7.87677E+17,NA,"<a href=""http://twitter.com/download/iphone"" rel=""nofollow"">Twitter for iPhone</a>",abigailms16,117,TRUE,FALSE,NA,NA
98,"RT @dallascowboys: Watch #DALvsGB LIVE using @DIRECTV's Sunday Ticket! 

Sign up here: https://t.co/6cXPFIcqFd https://t.co/sE6PSc3gBl",FALSE,0,NA,10/16/2016 15:27,FALSE,NA,7.87676E+17,NA,"<a href=""http://twitter.com/download/iphone"" rel=""nofollow"">Twitter for iPhone</a>",LaTexana99,117,TRUE,FALSE,NA,NA
99,"RT @dallascowboys: Watch #DALvsGB LIVE using @DIRECTV's Sunday Ticket! 

Sign up here: https://t.co/6cXPFIcqFd https://t.co/sE6PSc3gBl",FALSE,0,NA,10/16/2016 15:26,FALSE,NA,7.87676E+17,NA,"<a href=""http://twitter.com/download/iphone"" rel=""nofollow"">Twitter for iPhone</a>",AlMightyLil,117,TRUE,FALSE,NA,NA
100,"RT @dallascowboys: Watch #DALvsGB LIVE using @DIRECTV's Sunday Ticket! 

Sign up here: https://t.co/6cXPFIcqFd https://t.co/sE6PSc3gBl",FALSE,0,NA,10/16/2016 15:26,FALSE,NA,7.87676E+17,NA,"<a href=""http://twitter.com/download/android"" rel=""nofollow"">Twitter for Android</a>",rigbytheracoon2,117,TRUE,FALSE,NA,NA
101,"RT @dallascowboys: Watch #DALvsGB LIVE using @DIRECTV's Sunday Ticket! 

Sign up here: https://t.co/6cXPFIcqFd https://t.co/sE6PSc3gBl",FALSE,0,NA,10/16/2016 15:22,FALSE,NA,7.87675E+17,NA,"<a href=""http://twitter.com/download/iphone"" rel=""nofollow"">Twitter for iPhone</a>",hagarciav,117,TRUE,FALSE,NA,NA
102,"RT @dallascowboys: Watch #DALvsGB LIVE using @DIRECTV's Sunday Ticket! 

Sign up here: https://t.co/6cXPFIcqFd https://t.co/sE6PSc3gBl",FALSE,0,NA,10/16/2016 15:22,FALSE,NA,7.87675E+17,NA,"<a href=""http://twitter.com/download/iphone"" rel=""nofollow"">Twitter for iPhone</a>",sauceiscajun,117,TRUE,FALSE,NA,NA
103,"RT @dallascowboys: Watch #DALvsGB LIVE using @DIRECTV's Sunday Ticket! 

Sign up here: https://t.co/6cXPFIcqFd https://t.co/sE6PSc3gBl",FALSE,0,NA,10/16/2016 15:22,FALSE,NA,7.87675E+17,NA,"<a href=""http://twitter.com/#!/download/ipad"" rel=""nofollow"">Twitter for iPad</a>",jcmartinez44,117,TRUE,FALSE,NA,NA
104,"RT @dallascowboys: Watch #DALvsGB LIVE using @DIRECTV's Sunday Ticket! 

Sign up here: https://t.co/6cXPFIcqFd https://t.co/sE6PSc3gBl",FALSE,0,NA,10/16/2016 15:22,FALSE,NA,7.87675E+17,NA,"<a href=""http://twitter.com/download/iphone"" rel=""nofollow"">Twitter for iPhone</a>",DoubleDoggyDog,117,TRUE,FALSE,NA,NA
105,"RT @dallascowboys: Watch #DALvsGB LIVE using @DIRECTV's Sunday Ticket! 

Sign up here: https://t.co/6cXPFIcqFd https://t.co/sE6PSc3gBl",FALSE,0,NA,10/16/2016 15:22,FALSE,NA,7.87675E+17,NA,"<a href=""https://mobile.twitter.com"" rel=""nofollow"">Mobile Web (M5)</a>",mikemeidling,117,TRUE,FALSE,NA,NA
106,"RT @dallascowboys: Watch #DALvsGB LIVE using @DIRECTV's Sunday Ticket! 

Sign up here: https://t.co/6cXPFIcqFd https://t.co/sE6PSc3gBl",FALSE,0,NA,10/16/2016 15:22,FALSE,NA,7.87675E+17,NA,"<a href=""http://twitter.com/download/iphone"" rel=""nofollow"">Twitter for iPhone</a>",BradLira1,117,TRUE,FALSE,NA,NA
107,"RT @dallascowboys: Watch #DALvsGB LIVE using @DIRECTV's Sunday Ticket! 

Sign up here: https://t.co/6cXPFIcqFd https://t.co/sE6PSc3gBl",FALSE,0,NA,10/16/2016 15:19,FALSE,NA,7.87674E+17,NA,"<a href=""http://twitter.com/download/iphone"" rel=""nofollow"">Twitter for iPhone</a>",Lil_Buz,117,TRUE,FALSE,NA,NA
108,I need @DIRECTV to fix my service before this Cowboys game starts I know that got damn much.,FALSE,0,NA,10/16/2016 15:18,FALSE,NA,7.87674E+17,NA,"<a href=""http://twitter.com/download/android"" rel=""nofollow"">Twitter for Android</a>",King_ConquerorJ,1,FALSE,FALSE,NA,NA
109,"RT @dallascowboys: Watch #DALvsGB LIVE using @DIRECTV's Sunday Ticket! 

Sign up here: https://t.co/6cXPFIcqFd https://t.co/sE6PSc3gBl",FALSE,0,NA,10/16/2016 15:18,FALSE,NA,7.87674E+17,NA,"<a href=""http://twitter.com/download/iphone"" rel=""nofollow"">Twitter for iPhone</a>",skidshark,117,TRUE,FALSE,NA,NA
110,"RT @dallascowboys: Watch #DALvsGB LIVE using @DIRECTV's Sunday Ticket! 

Sign up here: https://t.co/6cXPFIcqFd https://t.co/sE6PSc3gBl",FALSE,0,NA,10/16/2016 15:18,FALSE,NA,7.87674E+17,NA,"<a href=""http://twitter.com/download/iphone"" rel=""nofollow"">Twitter for iPhone</a>",noahbarbz13,117,TRUE,FALSE,NA,NA
111,"RT @dallascowboys: Watch #DALvsGB LIVE using @DIRECTV's Sunday Ticket! 

Sign up here: https://t.co/6cXPFIcqFd https://t.co/sE6PSc3gBl",FALSE,0,NA,10/16/2016 15:18,FALSE,NA,7.87674E+17,NA,"<a href=""http://twitter.com/download/iphone"" rel=""nofollow"">Twitter for iPhone</a>",isaacsalazad93,117,TRUE,FALSE,NA,NA
112,"RT @dallascowboys: Watch #DALvsGB LIVE using @DIRECTV's Sunday Ticket! 

Sign up here: https://t.co/6cXPFIcqFd https://t.co/sE6PSc3gBl",FALSE,0,NA,10/16/2016 15:16,FALSE,NA,7.87674E+17,NA,"<a href=""http://twitter.com/download/iphone"" rel=""nofollow"">Twitter for iPhone</a>",DelandreaHall,117,TRUE,FALSE,NA,NA
113,"RT @dallascowboys: Watch #DALvsGB LIVE using @DIRECTV's Sunday Ticket! 

Sign up here: https://t.co/6cXPFIcqFd https://t.co/sE6PSc3gBl",FALSE,0,NA,10/16/2016 15:15,FALSE,NA,7.87673E+17,NA,"<a href=""http://twitter.com/download/iphone"" rel=""nofollow"">Twitter for iPhone</a>",LDYWDE,117,TRUE,FALSE,NA,NA
114,"RT @dallascowboys: Watch #DALvsGB LIVE using @DIRECTV's Sunday Ticket! 

Sign up here: https://t.co/6cXPFIcqFd https://t.co/sE6PSc3gBl",FALSE,0,NA,10/16/2016 15:15,FALSE,NA,7.87673E+17,NA,"<a href=""http://twitter.com/download/android"" rel=""nofollow"">Twitter for Android</a>",DJCastillo71,117,TRUE,FALSE,NA,NA
115,"RT @dallascowboys: Watch #DALvsGB LIVE using @DIRECTV's Sunday Ticket! 

Sign up here: https://t.co/6cXPFIcqFd https://t.co/sE6PSc3gBl",FALSE,0,NA,10/16/2016 15:15,FALSE,NA,7.87673E+17,NA,"<a href=""http://twitter.com/download/iphone"" rel=""nofollow"">Twitter for iPhone</a>",soreb11,117,TRUE,FALSE,NA,NA
116,"RT @dallascowboys: Watch #DALvsGB LIVE using @DIRECTV's Sunday Ticket! 

Sign up here: https://t.co/6cXPFIcqFd https://t.co/sE6PSc3gBl",FALSE,0,NA,10/16/2016 15:14,FALSE,NA,7.87673E+17,NA,"<a href=""http://twitter.com/download/iphone"" rel=""nofollow"">Twitter for iPhone</a>",Wony_daddy,117,TRUE,FALSE,NA,NA
117,"RT @dallascowboys: Watch #DALvsGB LIVE using @DIRECTV's Sunday Ticket! 

Sign up here: https://t.co/6cXPFIcqFd https://t.co/sE6PSc3gBl",FALSE,0,NA,10/16/2016 15:14,FALSE,NA,7.87673E+17,NA,"<a href=""http://twitter.com/download/iphone"" rel=""nofollow"">Twitter for iPhone</a>",ashdrenay,117,TRUE,FALSE,NA,NA
118,"RT @dallascowboys: Watch #DALvsGB LIVE using @DIRECTV's Sunday Ticket! 

Sign up here: https://t.co/6cXPFIcqFd https://t.co/sE6PSc3gBl",FALSE,0,NA,10/16/2016 15:14,FALSE,NA,7.87673E+17,NA,"<a href=""http://twitter.com/download/iphone"" rel=""nofollow"">Twitter for iPhone</a>",Arvonte,117,TRUE,FALSE,NA,NA
119,"RT @dallascowboys: Watch #DALvsGB LIVE using @DIRECTV's Sunday Ticket! 

Sign up here: https://t.co/6cXPFIcqFd https://t.co/sE6PSc3gBl",FALSE,0,NA,10/16/2016 15:14,FALSE,NA,7.87673E+17,NA,"<a href=""http://twitter.com/download/iphone"" rel=""nofollow"">Twitter for iPhone</a>",Servando_2001,117,TRUE,FALSE,NA,NA
120,"RT @dallascowboys: Watch #DALvsGB LIVE using @DIRECTV's Sunday Ticket! 

Sign up here: https://t.co/6cXPFIcqFd https://t.co/sE6PSc3gBl",FALSE,0,NA,10/16/2016 15:13,FALSE,NA,7.87673E+17,NA,"<a href=""http://twitter.com/download/iphone"" rel=""nofollow"">Twitter for iPhone</a>",BeLegendary3,117,TRUE,FALSE,NA,NA
121,"RT @dallascowboys: Watch #DALvsGB LIVE using @DIRECTV's Sunday Ticket! 

Sign up here: https://t.co/6cXPFIcqFd https://t.co/sE6PSc3gBl",FALSE,0,NA,10/16/2016 15:13,FALSE,NA,7.87673E+17,NA,"<a href=""http://twitter.com/download/iphone"" rel=""nofollow"">Twitter for iPhone</a>",VinnieTSU,117,TRUE,FALSE,NA,NA
122,"RT @dallascowboys: Watch #DALvsGB LIVE using @DIRECTV's Sunday Ticket! 

Sign up here: https://t.co/6cXPFIcqFd https://t.co/sE6PSc3gBl",FALSE,0,NA,10/16/2016 15:13,FALSE,NA,7.87673E+17,NA,"<a href=""http://twitter.com/download/android"" rel=""nofollow"">Twitter for Android</a>",happy81050,117,TRUE,FALSE,NA,NA
123,"RT @dallascowboys: Watch #DALvsGB LIVE using @DIRECTV's Sunday Ticket! 

Sign up here: https://t.co/6cXPFIcqFd https://t.co/sE6PSc3gBl",FALSE,0,NA,10/16/2016 15:12,FALSE,NA,7.87673E+17,NA,"<a href=""http://twitter.com/download/iphone"" rel=""nofollow"">Twitter for iPhone</a>",jamulmer,117,TRUE,FALSE,NA,NA
124,"RT @dallascowboys: Watch #DALvsGB LIVE using @DIRECTV's Sunday Ticket! 

Sign up here: https://t.co/6cXPFIcqFd https://t.co/sE6PSc3gBl",FALSE,0,NA,10/16/2016 15:10,FALSE,NA,7.87672E+17,NA,"<a href=""http://twitter.com/download/iphone"" rel=""nofollow"">Twitter for iPhone</a>",jorgealro,117,TRUE,FALSE,NA,NA
125,"RT @dallascowboys: Watch #DALvsGB LIVE using @DIRECTV's Sunday Ticket! 

Sign up here: https://t.co/6cXPFIcqFd https://t.co/sE6PSc3gBl",FALSE,0,NA,10/16/2016 15:09,FALSE,NA,7.87672E+17,NA,"<a href=""http://twitter.com/download/iphone"" rel=""nofollow"">Twitter for iPhone</a>",lorseed,117,TRUE,FALSE,NA,NA
126,"RT @dallascowboys: Watch #DALvsGB LIVE using @DIRECTV's Sunday Ticket! 

Sign up here: https://t.co/6cXPFIcqFd https://t.co/sE6PSc3gBl",FALSE,0,NA,10/16/2016 15:09,FALSE,NA,7.87672E+17,NA,"<a href=""http://twitter.com/download/iphone"" rel=""nofollow"">Twitter for iPhone</a>",gchaynes14,117,TRUE,FALSE,NA,NA
127,"RT @dallascowboys: Watch #DALvsGB LIVE using @DIRECTV's Sunday Ticket! 

Sign up here: https://t.co/6cXPFIcqFd https://t.co/sE6PSc3gBl",FALSE,0,NA,10/16/2016 15:08,FALSE,NA,7.87672E+17,NA,"<a href=""http://twitter.com/download/iphone"" rel=""nofollow"">Twitter for iPhone</a>",tersa19744,117,TRUE,FALSE,NA,NA
128,"RT @dallascowboys: Watch #DALvsGB LIVE using @DIRECTV's Sunday Ticket! 

Sign up here: https://t.co/6cXPFIcqFd https://t.co/sE6PSc3gBl",FALSE,0,NA,10/16/2016 15:07,FALSE,NA,7.87671E+17,NA,"<a href=""http://twitter.com/download/iphone"" rel=""nofollow"">Twitter for iPhone</a>",NickSosa23,117,TRUE,FALSE,NA,NA
129,"RT @dallascowboys: Watch #DALvsGB LIVE using @DIRECTV's Sunday Ticket! 

Sign up here: https://t.co/6cXPFIcqFd https://t.co/sE6PSc3gBl",FALSE,0,NA,10/16/2016 15:06,FALSE,NA,7.87671E+17,NA,"<a href=""http://twitter.com/download/iphone"" rel=""nofollow"">Twitter for iPhone</a>",trevor_bradsher,117,TRUE,FALSE,NA,NA
130,"RT @dallascowboys: Watch #DALvsGB LIVE using @DIRECTV's Sunday Ticket! 

Sign up here: https://t.co/6cXPFIcqFd https://t.co/sE6PSc3gBl",FALSE,0,NA,10/16/2016 15:05,FALSE,NA,7.87671E+17,NA,"<a href=""http://twitter.com/download/iphone"" rel=""nofollow"">Twitter for iPhone</a>",__Markooo,117,TRUE,FALSE,NA,NA
131,"RT @dallascowboys: Watch #DALvsGB LIVE using @DIRECTV's Sunday Ticket! 

Sign up here: https://t.co/6cXPFIcqFd https://t.co/sE6PSc3gBl",FALSE,0,NA,10/16/2016 15:05,FALSE,NA,7.87671E+17,NA,"<a href=""http://twitter.com/download/iphone"" rel=""nofollow"">Twitter for iPhone</a>",AntonioHolgin,117,TRUE,FALSE,NA,NA
132,"RT @dallascowboys: Watch #DALvsGB LIVE using @DIRECTV's Sunday Ticket! 

Sign up here: https://t.co/6cXPFIcqFd https://t.co/sE6PSc3gBl",FALSE,0,NA,10/16/2016 15:03,FALSE,NA,7.8767E+17,NA,"<a href=""http://twitter.com/download/iphone"" rel=""nofollow"">Twitter for iPhone</a>",StephMoss70,117,TRUE,FALSE,NA,NA
133,"RT @dallascowboys: Watch #DALvsGB LIVE using @DIRECTV's Sunday Ticket! 

Sign up here: https://t.co/6cXPFIcqFd https://t.co/sE6PSc3gBl",FALSE,0,NA,10/16/2016 15:03,FALSE,NA,7.8767E+17,NA,"<a href=""http://twitter.com/download/iphone"" rel=""nofollow"">Twitter for iPhone</a>",HillbillyTweet,117,TRUE,FALSE,NA,NA
134,"RT @dallascowboys: Watch #DALvsGB LIVE using @DIRECTV's Sunday Ticket! 

Sign up here: https://t.co/6cXPFIcqFd https://t.co/sE6PSc3gBl",FALSE,0,NA,10/16/2016 15:03,FALSE,NA,7.8767E+17,NA,"<a href=""http://twitter.com/download/iphone"" rel=""nofollow"">Twitter for iPhone</a>",_jrobb,117,TRUE,FALSE,NA,NA
135,"RT @dallascowboys: Watch #DALvsGB LIVE using @DIRECTV's Sunday Ticket! 

Sign up here: https://t.co/6cXPFIcqFd https://t.co/sE6PSc3gBl",FALSE,0,NA,10/16/2016 15:03,FALSE,NA,7.8767E+17,NA,"<a href=""http://twitter.com/download/iphone"" rel=""nofollow"">Twitter for iPhone</a>",NeyNeyByers,117,TRUE,FALSE,NA,NA
136,"RT @dallascowboys: Watch #DALvsGB LIVE using @DIRECTV's Sunday Ticket! 

Sign up here: https://t.co/6cXPFIcqFd https://t.co/sE6PSc3gBl",FALSE,0,NA,10/16/2016 15:03,FALSE,NA,7.8767E+17,NA,"<a href=""http://twitter.com/download/iphone"" rel=""nofollow"">Twitter for iPhone</a>",xobeccaaa_,117,TRUE,FALSE,NA,NA
137,"RT @dallascowboys: Watch #DALvsGB LIVE using @DIRECTV's Sunday Ticket! 

Sign up here: https://t.co/6cXPFIcqFd https://t.co/sE6PSc3gBl",FALSE,0,NA,10/16/2016 15:02,FALSE,NA,7.8767E+17,NA,"<a href=""http://www.twitter.com"" rel=""nofollow"">Twitter for Windows Phone</a>",HotHonduran,117,TRUE,FALSE,NA,NA
138,"RT @dallascowboys: Watch #DALvsGB LIVE using @DIRECTV's Sunday Ticket! 

Sign up here: https://t.co/6cXPFIcqFd https://t.co/sE6PSc3gBl",FALSE,0,NA,10/16/2016 15:02,FALSE,NA,7.8767E+17,NA,"<a href=""http://twitter.com/download/iphone"" rel=""nofollow"">Twitter for iPhone</a>",MalloyTevin,117,TRUE,FALSE,NA,NA
139,"RT @dallascowboys: Watch #DALvsGB LIVE using @DIRECTV's Sunday Ticket! 

Sign up here: https://t.co/6cXPFIcqFd https://t.co/sE6PSc3gBl",FALSE,0,NA,10/16/2016 15:02,FALSE,NA,7.8767E+17,NA,"<a href=""http://twitter.com/download/iphone"" rel=""nofollow"">Twitter for iPhone</a>",_cait12,117,TRUE,FALSE,NA,NA
140,"RT @dallascowboys: Watch #DALvsGB LIVE using @DIRECTV's Sunday Ticket! 

Sign up here: https://t.co/6cXPFIcqFd https://t.co/sE6PSc3gBl",FALSE,0,NA,10/16/2016 15:02,FALSE,NA,7.8767E+17,NA,"<a href=""http://twitter.com/download/iphone"" rel=""nofollow"">Twitter for iPhone</a>",sweet_chloe_17,117,TRUE,FALSE,NA,NA
141,"RT @dallascowboys: Watch #DALvsGB LIVE using @DIRECTV's Sunday Ticket! 

Sign up here: https://t.co/6cXPFIcqFd https://t.co/sE6PSc3gBl",FALSE,0,NA,10/16/2016 15:02,FALSE,NA,7.8767E+17,NA,"<a href=""https://mobile.twitter.com"" rel=""nofollow"">Mobile Web (M2)</a>",ncommonsense,117,TRUE,FALSE,NA,NA
142,"RT @dallascowboys: Watch #DALvsGB LIVE using @DIRECTV's Sunday Ticket! 

Sign up here: https://t.co/6cXPFIcqFd https://t.co/sE6PSc3gBl",FALSE,0,NA,10/16/2016 15:01,FALSE,NA,7.8767E+17,NA,"<a href=""http://twitter.com/download/iphone"" rel=""nofollow"">Twitter for iPhone</a>",bl0wmehoe_,117,TRUE,FALSE,NA,NA
143,"RT @dallascowboys: Watch #DALvsGB LIVE using @DIRECTV's Sunday Ticket! 

Sign up here: https://t.co/6cXPFIcqFd https://t.co/sE6PSc3gBl",FALSE,0,NA,10/16/2016 15:01,FALSE,NA,7.8767E+17,NA,"<a href=""http://twitter.com/download/iphone"" rel=""nofollow"">Twitter for iPhone</a>",ScarboroTyler,117,TRUE,FALSE,NA,NA
144,"RT @dallascowboys: Watch #DALvsGB LIVE using @DIRECTV's Sunday Ticket! 

Sign up here: https://t.co/6cXPFIcqFd https://t.co/sE6PSc3gBl",FALSE,0,NA,10/16/2016 15:01,FALSE,NA,7.8767E+17,NA,"<a href=""http://twitter.com/download/android"" rel=""nofollow"">Twitter for Android</a>",LoveHurts38,117,TRUE,FALSE,NA,NA
145,"RT @dallascowboys: Watch #DALvsGB LIVE using @DIRECTV's Sunday Ticket! 

Sign up here: https://t.co/6cXPFIcqFd https://t.co/sE6PSc3gBl",FALSE,0,NA,10/16/2016 15:01,FALSE,NA,7.8767E+17,NA,"<a href=""http://twitter.com/download/iphone"" rel=""nofollow"">Twitter for iPhone</a>",DonatoCamp87,117,TRUE,FALSE,NA,NA
146,"RT @dallascowboys: Watch #DALvsGB LIVE using @DIRECTV's Sunday Ticket! 

Sign up here: https://t.co/6cXPFIcqFd https://t.co/sE6PSc3gBl",FALSE,0,NA,10/16/2016 15:00,FALSE,NA,7.8767E+17,NA,"<a href=""http://twitter.com/download/iphone"" rel=""nofollow"">Twitter for iPhone</a>",daniellacoelhox,117,TRUE,FALSE,NA,NA
147,"RT @dallascowboys: Watch #DALvsGB LIVE using @DIRECTV's Sunday Ticket! 

Sign up here: https://t.co/6cXPFIcqFd https://t.co/sE6PSc3gBl",FALSE,0,NA,10/16/2016 15:00,FALSE,NA,7.8767E+17,NA,"<a href=""http://twitter.com/download/iphone"" rel=""nofollow"">Twitter for iPhone</a>",Cam4Three_,117,TRUE,FALSE,NA,NA
148,"Watch #DALvsGB LIVE using @DIRECTV's Sunday Ticket! 

Sign up here: https://t.co/6cXPFIcqFd https://t.co/sE6PSc3gBl",FALSE,460,NA,10/16/2016 15:00,FALSE,NA,7.8767E+17,NA,"<a href=""http://www.spredfast.com"" rel=""nofollow"">Spredfast app</a>",dallascowboys,117,FALSE,FALSE,NA,NA
149,@Fantasy_Guru @DIRECTV @heykayadams @jocktodoc @RitchieJon Blount or Beasley PPR?,FALSE,1,Fantasy_Guru,10/16/2016 13:22,FALSE,7.87639E+17,7.87645E+17,23472029,"<a href=""http://twitter.com/download/iphone"" rel=""nofollow"">Twitter for iPhone</a>",alpoemuse,0,FALSE,FALSE,NA,NA
150,"RT @Vic_87: Thank you @Uverse @DIRECTV for wasting our time and day! Two weeks now waiting for installation, you're tech shows up to the wr…",FALSE,0,NA,10/16/2016 9:36,FALSE,NA,7.87588E+17,NA,"<a href=""http://twitter.com"" rel=""nofollow"">Twitter Web Client</a>",charizarde7,4,TRUE,FALSE,NA,NA
151,@DIRECTV why is @NHLNetwork being blacked in Dallas when there's no game being played. On the Fly is on but still blacked out,FALSE,0,DIRECTV,10/16/2016 4:51,FALSE,NA,7.87516E+17,14946736,"<a href=""http://twitter.com/#!/download/ipad"" rel=""nofollow"">Twitter for iPad</a>",bjsports777,0,FALSE,FALSE,NA,NA
152,"@mbherzog @DIRECTV @DallasStars Strange, looks fine on my DTV feed",FALSE,2,mbherzog,10/16/2016 1:38,FALSE,7.87464E+17,7.87468E+17,196214253,"<a href=""http://twitter.com/download/iphone"" rel=""nofollow"">Twitter for iPhone</a>",LarsonPhillip,0,FALSE,FALSE,NA,NA
153,Is my TV dying or is the color on the @DIRECTV @DallasStars feed super blue?,FALSE,0,NA,10/16/2016 1:24,FALSE,NA,7.87464E+17,NA,"<a href=""http://twitter.com/download/android"" rel=""nofollow"">Twitter for Android</a>",mbherzog,0,FALSE,FALSE,NA,NA
154,"@sgtMIKE2 @WholeFoodsATX @DIRECTV oh, they should change it to 677",FALSE,0,sgtMIKE2,10/15/2016 23:56,FALSE,7.87434E+17,7.87442E+17,64708811,"<a href=""http://twitter.com/download/android"" rel=""nofollow"">Twitter for Android</a>",TweetsByARob,0,FALSE,FALSE,NA,NA
155,Really debating between getting rid of @DIRECTV for the @PlayStation #PSVue,FALSE,0,NA,10/15/2016 2:29,FALSE,NA,7.87118E+17,NA,"<a href=""http://twitter.com/download/iphone"" rel=""nofollow"">Twitter for iPhone</a>",ariana_turnbow,0,FALSE,FALSE,NA,NA
156,All is well at WB!  Except the broadband and ability to watch movies on @directv   #modemspeed https://t.co/N3srViNqLv,FALSE,0,NA,10/15/2016 2:26,FALSE,NA,7.87117E+17,NA,"<a href=""http://instagram.com"" rel=""nofollow"">Instagram</a>",karencinderella,0,FALSE,FALSE,NA,NA
157,@DIRECTV why do new customers get great tv/internet package prices and your loyal customers pay 2 times more than them? Doesn't make sense.,FALSE,0,DIRECTV,10/14/2016 17:19,FALSE,NA,7.8698E+17,14946736,"<a href=""http://twitter.com/download/iphone"" rel=""nofollow"">Twitter for iPhone</a>",P1_Beto,0,FALSE,FALSE,NA,NA
158,@DIRECTV None mine is Deadpool and @Ghostbusters ATC  on dvd :D,FALSE,1,DIRECTV,10/14/2016 12:15,FALSE,7.86902E+17,7.86903E+17,14946736,"<a href=""http://twitter.com"" rel=""nofollow"">Twitter Web Client</a>",TeckieGirl,0,FALSE,FALSE,NA,NA
159,@coopmavs @DIRECTV @jojocunningham @FS1 and your billing zip is DFW on your DirecTV account?,FALSE,0,coopmavs,10/14/2016 0:50,FALSE,7.86731E+17,7.86731E+17,163203533,"<a href=""http://twitter.com/download/iphone"" rel=""nofollow"">Twitter for iPhone</a>",JRStockton,0,FALSE,FALSE,NA,NA
160,I'm on @DIRECTV https://t.co/3ecXIKsSB2,FALSE,0,NA,10/14/2016 0:49,FALSE,NA,7.86731E+17,NA,"<a href=""http://twitter.com/download/android"" rel=""nofollow"">Twitter for Android</a>",coopmavs,0,FALSE,FALSE,NA,NA
161,.@DIRECTV has an #APM solution w/ low overhead &amp; quick MTTR b/c of @AppDynamics #casestudy https://t.co/vX0tcwSVnU https://t.co/Z2pIDkd4vr,FALSE,0,NA,10/13/2016 13:36,FALSE,NA,7.86561E+17,NA,"<a href=""http://dynamicsignal.com/"" rel=""nofollow"">VoiceStorm</a>",MargaretPatzer,0,FALSE,FALSE,NA,NA
162,I left @Uverse internet to @DIRECTV because they suck! Now direct tv is owned by ATT and it keeps loosing signal! #wtf,FALSE,0,NA,10/13/2016 2:09,FALSE,NA,7.86388E+17,NA,"<a href=""http://twitter.com/download/iphone"" rel=""nofollow"">Twitter for iPhone</a>",UncleVic13,0,FALSE,FALSE,NA,NA
163,@uscpsycho @Oregonian @DIRECTV seriously figure it out!!,FALSE,0,uscpsycho,10/13/2016 1:28,FALSE,7.86363E+17,7.86378E+17,69833091,"<a href=""http://twitter.com/download/iphone"" rel=""nofollow"">Twitter for iPhone</a>",abosco1010,0,FALSE,FALSE,NA,NA
164,@BET I need y'all to put more Martin episodes on the @DIRECTV app for #RIPTommy one time for the one time,FALSE,0,BET,10/13/2016 1:24,FALSE,NA,7.86377E+17,16560657,"<a href=""http://twitter.com/download/iphone"" rel=""nofollow"">Twitter for iPhone</a>",ImToMuch_UK,0,FALSE,FALSE,NA,NA
165,RT @alexblasig: @MichelleDBeadle @DIRECTV I had the same problem a week ago. They were trying to sell me something I already had...,FALSE,0,NA,10/13/2016 0:03,FALSE,NA,7.86357E+17,NA,"<a href=""http://twitter.com/download/iphone"" rel=""nofollow"">Twitter for iPhone</a>",ATTCares_Not,1,TRUE,FALSE,NA,NA
166,@MichelleDBeadle @DIRECTV Direct TV and the IRS (when you DON'T owe them money that is) are the 2 WORST!!,FALSE,0,MichelleDBeadle,10/12/2016 17:11,FALSE,7.86239E+17,7.86253E+17,52529345,"<a href=""http://twitter.com/download/iphone"" rel=""nofollow"">Twitter for iPhone</a>",bghookem,0,FALSE,FALSE,NA,NA
167,@MichelleDBeadle @DIRECTV I had the same problem a week ago. They were trying to sell me something I already had...,FALSE,0,MichelleDBeadle,10/12/2016 16:58,FALSE,7.86239E+17,7.8625E+17,52529345,"<a href=""http://twitter.com/download/iphone"" rel=""nofollow"">Twitter for iPhone</a>",alexblasig,1,FALSE,FALSE,NA,NA
168,"@MichelleDBeadle @DIRECTV hung up after 45 minutes of holding for them yesterday. Ridiculous, I'm looking for the 1st door out",FALSE,0,MichelleDBeadle,10/12/2016 16:45,FALSE,7.86238E+17,7.86246E+17,52529345,"<a href=""http://twitter.com/download/android"" rel=""nofollow"">Twitter for Android</a>",tapout1981,0,FALSE,FALSE,NA,NA
169,@DIRECTV @DIRECTVService  please help @MichelleDBeadle,FALSE,0,DIRECTV,10/12/2016 16:29,FALSE,NA,7.86242E+17,14946736,"<a href=""http://twitter.com/download/iphone"" rel=""nofollow"">Twitter for iPhone</a>",ChristianR_Vill,0,FALSE,FALSE,NA,NA
170,@heatherarthur @DIRECTV @WSJ @NFL Yes!!! Viewing options are so limited these days. It should be NO surprise that numbers are down!,FALSE,0,heatherarthur,10/12/2016 16:28,FALSE,7.86242E+17,7.86242E+17,22698543,"<a href=""http://twitter.com/download/iphone"" rel=""nofollow"">Twitter for iPhone</a>",KathleenBuehler,0,FALSE,FALSE,NA,NA
171,@ATT @DIRECTV just waited over 45 minutes on hold to try to ask a question about my bill with no answer CANT WAIT to leave this company now,FALSE,0,ATT,10/11/2016 18:55,FALSE,NA,7.85917E+17,14620190,"<a href=""http://twitter.com/download/android"" rel=""nofollow"">Twitter for Android</a>",tapout1981,1,FALSE,FALSE,NA,NA
172,RT @Nanii_o8: I swear @DIRECTV has the worst service available. I can’t wait to switch,FALSE,0,NA,10/11/2016 16:21,FALSE,NA,7.85878E+17,NA,"<a href=""http://twitter.com/download/iphone"" rel=""nofollow"">Twitter for iPhone</a>",ATTCares_Not,1,TRUE,FALSE,NA,NA
,,,,,,,,,,,,,,,,
,,,,,,,,,,,,,,,,
,,,,,,,,,,,,,,,,
,AT&T Proprietary Information,,,,,,,,,,,,,,,
